{
  "ASCII Anti Aliased": true,
  "ASCII Ligatures": true,
  "Ambiguous Double Width": false,
  "Ansi 0 Color": {
    "Alpha Component": 1,
    "Blue Component": 0.21176470588235294,
    "Color Space": "sRGB",
    "Green Component": 0.20784313725490197,
    "Red Component": 0.20784313725490197
  },
  "Ansi 0 Color (Dark)": {
    "Alpha Component": 1,
    "Blue Component": 0.21176470588235294,
    "Color Space": "sRGB",
    "Green Component": 0.20784313725490197,
    "Red Component": 0.20784313725490197
  },
  "Ansi 0 Color (Light)": {
    "Alpha Component": 1,
    "Blue Component": 0.21176470588235294,
    "Color Space": "sRGB",
    "Green Component": 0.20784313725490197,
    "Red Component": 0.20784313725490197
  },
  "Ansi 1 Color": {
    "Alpha Component": 1,
    "Blue Component": 0.5529411764705883,
    "Color Space": "sRGB",
    "Green Component": 0.4196078431372549,
    "Red Component": 0.9137254901960784
  },
  "Ansi 1 Color (Dark)": {
    "Alpha Component": 1,
    "Blue Component": 0.5529411764705883,
    "Color Space": "sRGB",
    "Green Component": 0.4196078431372549,
    "Red Component": 0.9137254901960784
  },
  "Ansi 1 Color (Light)": {
    "Alpha Component": 1,
    "Blue Component": 0.5529411764705883,
    "Color Space": "sRGB",
    "Green Component": 0.4196078431372549,
    "Red Component": 0.9137254901960784
  },
  "Ansi 10 Color": {
    "Alpha Component": 1,
    "Blue Component": 0.5607843137254902,
    "Color Space": "sRGB",
    "Green Component": 0.8470588235294118,
    "Red Component": 0.4823529411764706
  },
  "Ansi 10 Color (Dark)": {
    "Alpha Component": 1,
    "Blue Component": 0.5607843137254902,
    "Color Space": "sRGB",
    "Green Component": 0.8470588235294118,
    "Red Component": 0.4823529411764706
  },
  "Ansi 10 Color (Light)": {
    "Alpha Component": 1,
    "Blue Component": 0.5607843137254902,
    "Color Space": "sRGB",
    "Green Component": 0.8470588235294118,
    "Red Component": 0.4823529411764706
  },
  "Ansi 11 Color": {
    "Alpha Component": 1,
    "Blue Component": 0.4,
    "Color Space": "sRGB",
    "Green Component": 0.8980392156862745,
    "Red Component": 0.9882352941176471
  },
  "Ansi 11 Color (Dark)": {
    "Alpha Component": 1,
    "Blue Component": 0.4,
    "Color Space": "sRGB",
    "Green Component": 0.8980392156862745,
    "Red Component": 0.9882352941176471
  },
  "Ansi 11 Color (Light)": {
    "Alpha Component": 1,
    "Blue Component": 0.4,
    "Color Space": "sRGB",
    "Green Component": 0.8980392156862745,
    "Red Component": 0.9882352941176471
  },
  "Ansi 12 Color": {
    "Alpha Component": 1,
    "Blue Component": 0.3254901960784314,
    "Color Space": "sRGB",
    "Green Component": 0.5764705882352941,
    "Red Component": 0.9921568627450981
  },
  "Ansi 12 Color (Dark)": {
    "Alpha Component": 1,
    "Blue Component": 0.3254901960784314,
    "Color Space": "sRGB",
    "Green Component": 0.5764705882352941,
    "Red Component": 0.9921568627450981
  },
  "Ansi 12 Color (Light)": {
    "Alpha Component": 1,
    "Blue Component": 0.3254901960784314,
    "Color Space": "sRGB",
    "Green Component": 0.5764705882352941,
    "Red Component": 0.9921568627450981
  },
  "Ansi 13 Color": {
    "Alpha Component": 1,
    "Blue Component": 0.8901960784313725,
    "Color Space": "sRGB",
    "Green Component": 0.5411764705882353,
    "Red Component": 0.5803921568627451
  },
  "Ansi 13 Color (Dark)": {
    "Alpha Component": 1,
    "Blue Component": 0.8901960784313725,
    "Color Space": "sRGB",
    "Green Component": 0.5411764705882353,
    "Red Component": 0.5803921568627451
  },
  "Ansi 13 Color (Light)": {
    "Alpha Component": 1,
    "Blue Component": 0.8901960784313725,
    "Color Space": "sRGB",
    "Green Component": 0.5411764705882353,
    "Red Component": 0.5803921568627451
  },
  "Ansi 14 Color": {
    "Alpha Component": 1,
    "Blue Component": 0.9019607843137255,
    "Color Space": "sRGB",
    "Green Component": 0.8313725490196079,
    "Red Component": 0.35294117647058826
  },
  "Ansi 14 Color (Dark)": {
    "Alpha Component": 1,
    "Blue Component": 0.9019607843137255,
    "Color Space": "sRGB",
    "Green Component": 0.8313725490196079,
    "Red Component": 0.35294117647058826
  },
  "Ansi 14 Color (Light)": {
    "Alpha Component": 1,
    "Blue Component": 0.9019607843137255,
    "Color Space": "sRGB",
    "Green Component": 0.8313725490196079,
    "Red Component": 0.35294117647058826
  },
  "Ansi 15 Color": {
    "Alpha Component": 1,
    "Blue Component": 1.0,
    "Color Space": "sRGB",
    "Green Component": 0.9450980392156862,
    "Red Component": 0.9686274509803922
  },
  "Ansi 15 Color (Dark)": {
    "Alpha Component": 1,
    "Blue Component": 1.0,
    "Color Space": "sRGB",
    "Green Component": 0.9450980392156862,
    "Red Component": 0.9686274509803922
  },
  "Ansi 15 Color (Light)": {
    "Alpha Component": 1,
    "Blue Component": 1.0,
    "Color Space": "sRGB",
    "Green Component": 0.9450980392156862,
    "Red Component": 0.9686274509803922
  },
  "Ansi 2 Color": {
    "Alpha Component": 1,
    "Blue Component": 0.5843137254901961,
    "Color Space": "sRGB",
    "Green Component": 0.8352941176470589,
    "Red Component": 0.5686274509803921
  },
  "Ansi 2 Color (Dark)": {
    "Alpha Component": 1,
    "Blue Component": 0.5843137254901961,
    "Color Space": "sRGB",
    "Green Component": 0.8352941176470589,
    "Red Component": 0.5686274509803921
  },
  "Ansi 2 Color (Light)": {
    "Alpha Component": 1,
    "Blue Component": 0.5843137254901961,
    "Color Space": "sRGB",
    "Green Component": 0.8352941176470589,
    "Red Component": 0.5686274509803921
  },
  "Ansi 3 Color": {
    "Alpha Component": 1,
    "Blue Component": 0.4745098039215686,
    "Color Space": "sRGB",
    "Green Component": 0.8980392156862745,
    "Red Component": 0.9725490196078431
  },
  "Ansi 3 Color (Dark)": {
    "Alpha Component": 1,
    "Blue Component": 0.4745098039215686,
    "Color Space": "sRGB",
    "Green Component": 0.8980392156862745,
    "Red Component": 0.9725490196078431
  },
  "Ansi 3 Color (Light)": {
    "Alpha Component": 1,
    "Blue Component": 0.4745098039215686,
    "Color Space": "sRGB",
    "Green Component": 0.8980392156862745,
    "Red Component": 0.9725490196078431
  },
  "Ansi 4 Color": {
    "Alpha Component": 1,
    "Blue Component": 0.37254901960784315,
    "Color Space": "sRGB",
    "Green Component": 0.596078431372549,
    "Red Component": 0.9333333333333333
  },
  "Ansi 4 Color (Dark)": {
    "Alpha Component": 1,
    "Blue Component": 0.37254901960784315,
    "Color Space": "sRGB",
    "Green Component": 0.596078431372549,
    "Red Component": 0.9333333333333333
  },
  "Ansi 4 Color (Light)": {
    "Alpha Component": 1,
    "Blue Component": 0.37254901960784315,
    "Color Space": "sRGB",
    "Green Component": 0.596078431372549,
    "Red Component": 0.9333333333333333
  },
  "Ansi 5 Color": {
    "Alpha Component": 1,
    "Blue Component": 0.8627450980392157,
    "Color Space": "sRGB",
    "Green Component": 0.5411764705882353,
    "Red Component": 0.5725490196078431
  },
  "Ansi 5 Color (Dark)": {
    "Alpha Component": 1,
    "Blue Component": 0.8627450980392157,
    "Color Space": "sRGB",
    "Green Component": 0.5411764705882353,
    "Red Component": 0.5725490196078431
  },
  "Ansi 5 Color (Light)": {
    "Alpha Component": 1,
    "Blue Component": 0.8627450980392157,
    "Color Space": "sRGB",
    "Green Component": 0.5411764705882353,
    "Red Component": 0.5725490196078431
  },
  "Ansi 6 Color": {
    "Alpha Component": 1,
    "Blue Component": 0.8901960784313725,
    "Color Space": "sRGB",
    "Green Component": 0.8196078431372549,
    "Red Component": 0.4823529411764706
  },
  "Ansi 6 Color (Dark)": {
    "Alpha Component": 1,
    "Blue Component": 0.8901960784313725,
    "Color Space": "sRGB",
    "Green Component": 0.8196078431372549,
    "Red Component": 0.4823529411764706
  },
  "Ansi 6 Color (Light)": {
    "Alpha Component": 1,